Aaron,Adam,Alan,Albert,Alexander,Allen,Andrew,Anthony,Arthur,Austin
Barry,Benjamin,Bernard,Billy,Bobby,Bradley,Brandon,Brian,Bruce,Bryan
Carl,Carlos,Chad,Charles,Christian,Christopher,Clarence,Cody,Craig,Curtis
Dale,Daniel,Danny,David,Dennis,Derek,Donald,Douglas,Dustin,Dylan
Earl,Eddie,Edward,Edwin,Elijah,Eric,Ernest,Ethan,Eugene,Evan
Fernando,Floyd,Francis,Francisco,Frank,Franklin,Fred,Freddie,Frederick,Fredrick
Gabriel,Gary,Gene,George,Gerald,Gilbert,Glen,Glenn,Gordon,Gregory
Harold,Harry,Harvey,Hector,Henry,Herbert,Herman,Howard,Hugh,Hunter
Ian,Ira,Irvin,Irving,Isaac,Isaiah,Isiah,Ismael,Israel,Ivan
Jack,Jacob,James,Jason,Jeffrey,John,Jonathan,Joseph,Joshua,Justin
Karl,Keith,Kelly,Kenneth,Kent,Kevin,Kirk,Kristopher,Kurt,Kyle
Larry,Lawrence,Lee,Leo,Leonard,Leroy,Logan,Louis,Luis,Luke
Manuel,Marcus,Mark,Martin,Marvin,Matthew,Melvin,Michael,Mike,Mitchell
Nathan,Nathaniel,Neal,Neil,Nelson,Nicholas,Nicolas,Noah,Nolan,Norman
Odell,Oliver,Ollie,Omar,Orlando,Orville,Oscar,Otis,Otto,Owen
Parker,Patrick,Paul,Pedro,Perry,Pete,Peter,Philip,Phillip,Preston
Quentin,Quenton,Quincey,Quincy,Quinlan,Quinn,Quinten,Quintin,Quinton,Quran
Ralph,Randy,Raymond,Richard,Robert,Roger,Ronald,Roy,Russell,Ryan
Samuel,Scott,Sean,Seth,Shane,Shawn,Stanley,Stephen,Steve,Steven
Terry,Theodore,Thomas,Timothy,Todd,Tommy,Tony,Travis,Troy,Tyler
Ubaldo,Ulises,Ulisses,Ulyses,Ulysses,Umar,Urban,Uriah,Uriel,Uziel
Van,Vance,Vaughn,Vern,Vernon,Vicente,Victor,Vincent,Virgil,Vito
Wade,Wallace,Walter,Warren,Wayne,Wesley,Willard,William,Willie,Wyatt
Xaiver,Xander,Xavian,Xaviar,Xavien,Xavier,Xavion,Xavior,Xzavier,Xzavion
Yaakov,Yahir,Yair,Yancy,Yehuda,Yisroel,Yitzchok,Yosef,Yousef,Yusuf
Zachariah,Zachary,Zachery,Zack,Zackary,Zackery,Zander,Zane,Zechariah,Zion
